{"cameraMode":{"drawMode":0,"name":"Shaded","section":"Shading Mode"},"sceneLighting":true,"audioPlay":false,"sceneViewState":{"showFog":true,"showMaterialUpdate":false,"showSkybox":true,"showFlares":true,"showImageEffects":true,"showParticleSystems":true},"in2DMode":false,"pivot":{"x":-3.043762445449829,"y":-0.9867521524429321,"z":-3.881913423538208},"rotation":{"x":0.08426497876644135,"y":0.892818033695221,"z":-0.4006471633911133,"w":0.18777991831302644},"size":16.079784393310548,"orthographic":false}