{"cameraMode":{"drawMode":0,"name":"Shaded","section":"Shading Mode"},"sceneLighting":true,"audioPlay":false,"sceneViewState":{"showFog":true,"showMaterialUpdate":false,"showSkybox":true,"showFlares":true,"showImageEffects":true,"showParticleSystems":true},"in2DMode":false,"pivot":{"x":-7.971429824829102,"y":-12.923086166381836,"z":34.11652374267578},"rotation":{"x":0.20677690207958222,"y":-0.17647679150104524,"z":0.037950702011585239,"w":0.9616002440452576},"size":97.68021392822266,"orthographic":false}