{"cameraMode":{"drawMode":0,"name":"Shaded","section":"Shading Mode"},"sceneLighting":true,"audioPlay":false,"sceneViewState":{"showFog":true,"showMaterialUpdate":false,"showSkybox":true,"showFlares":true,"showImageEffects":true,"showParticleSystems":true},"in2DMode":false,"pivot":{"x":-27.1433048248291,"y":-9.990228652954102,"z":28.249046325683595},"rotation":{"x":0.20677690207958222,"y":-0.17647679150104524,"z":0.037950702011585239,"w":0.9616002440452576},"size":59.22559356689453,"orthographic":false}