{"cameraMode":{"drawMode":0,"name":"Shaded","section":"Shading Mode"},"sceneLighting":true,"audioPlay":false,"sceneViewState":{"showFog":true,"showMaterialUpdate":false,"showSkybox":true,"showFlares":true,"showImageEffects":true,"showParticleSystems":true},"in2DMode":false,"pivot":{"x":-1.4311697483062745,"y":-7.381052017211914,"z":-1.4775481224060059},"rotation":{"x":0.10928951948881149,"y":-0.8867994546890259,"z":0.27025312185287478,"w":0.3586196005344391},"size":24.98470115661621,"orthographic":false}